title,score,id,url
Wear a mask!,1,iurndt,https://youtu.be/OOBMcAmoeEY
Turning to traditional remedies against COVID-19 - Nature benefits,0,iuqxz2,https://naturesbenifits.com/turning-to-traditional-remedies-against-covid-19/
How do people meet new people during COVID?,1,iuprzu,https://www.reddit.com/r/COVID/comments/iuprzu/how_do_people_meet_new_people_during_covid/
a school in the U.K owes us a explanation for this,1,iuouru,https://youtu.be/pFT4ALydVbA
NASA's VITAL Ventilator Webinar Recording,1,iuo6am,https://youtu.be/xR29FmDGC0s
Uninsured up from last year and pandemic likely to exacerbate this trend,1,iumy05,/user/NationofChange/comments/iumxcz/uninsured_up_from_last_year_and_pandemic_likely/
"""One of the unfortunate outcomes of this pandemic has been to train people, to think of other human beings as just bags of germs to be avoided"" [Stanford University Professor Jay Bhattacharya]",2,iumxby,https://zdoggmd.com/jay-bhattacharya/
The UAE reviews measures to address the Covid19 Pandemic at the United Nations,1,ium775,https://i.redd.it/5tluvz3jcqn51.jpg
The UAE and China achieve positive results in the third phase of the Corona vaccine,1,iult3r,https://i.redd.it/n9xhu7tz8qn51.jpg
"The mask regime is not a formality, but the only way to reduce the risk of the spread of coronavirus infection among the population.",11,iujdto,https://i.redd.it/iqehg6lwlpn51.jpg
One in 7 coronavirus cases is among health workers - WHO: Live. The organisation calls for medical workers to be provided with protective equipment to prevent them from being infected.,1,iuj9c5,https://www.aljazeera.com/news/2020/09/trump-contradicts-cdc-chief-coronavirus-vaccine-live-news-200917000121100.html
Understanding long covid: a shortcut to solving ME/CFS?,2,iuiiiq,https://mecfsresearchreview.me/2020/09/17/understanding-long-covid-a-shortcut-to-solving-me-cfs/
Coronavirus Briefing: What Happened Today,2,iuh53e,https://newsoftheworldinblog.blogspot.com/2020/09/coronavirus-briefing-what-happened-today.html
Safety Locking Implants For Small Fragment - Manufacturer and suppliers of Safety Locking Implants For Small Fragment and other orthopedic and trauma implants,1,iug479,https://www.orthopaedic-implants.com/small-fragment-locking/safety-locking-implants/index.php
Michael Caputo’s Kaput at HHS but Trump’s Lethal Leadership Is Going Strong.,0,iufd8t,https://www.reddit.com/r/COVID/comments/iufd8t/michael_caputos_kaput_at_hhs_but_trumps_lethal/
"""Fox News Host Grills Kayleigh McEnany on Trump’s Disastrous ABC Town Hall """,1,iufbat,https://www.reddit.com/r/COVID/comments/iufbat/fox_news_host_grills_kayleigh_mcenany_on_trumps/
How to prevent Covid19 ?,7,iuefhi,https://i.redd.it/bkvyo6ugpnn51.jpg
How long does it take to get test results back after having a test at a drive through test site?,2,iuece7,https://www.reddit.com/r/COVID/comments/iuece7/how_long_does_it_take_to_get_test_results_back/
"Covid, high risk pregnancy, and unemployment",3,iudtfb,https://www.reddit.com/r/COVID/comments/iudtfb/covid_high_risk_pregnancy_and_unemployment/
Indian Railways' traffic revenue till August 2020 declined by 42% over last year,2,iuc3cc,https://www.reddit.com/r/COVID/comments/iuc3cc/indian_railways_traffic_revenue_till_august_2020/
Any mask wearing tips for someone with sensory/anxiety issues and asthma?,0,iub81s,https://www.reddit.com/r/COVID/comments/iub81s/any_mask_wearing_tips_for_someone_with/
"Abbott's Fast, $5, 15-Minute, Easy-to-Use COVID-19 Antigen Test Receives FDA Emergency Use Authorization; Mobile App Displays Test Results to Help Our Return to Daily Life; Ramping Production to 50 Million Tests a Month",3,iuazaj,https://abbott.mediaroom.com/2020-08-26-Abbotts-Fast-5-15-Minute-Easy-to-Use-COVID-19-Antigen-Test-Receives-FDA-Emergency-Use-Authorization-Mobile-App-Displays-Test-Results-to-Help-Our-Return-to-Daily-Life-Ramping-Production-to-50-Million-Tests-a-Month
NO COST TELEHEALTH INTERVENTION FOR LONELINESS,1,iuafgw,https://www.reddit.com/r/COVID/comments/iuafgw/no_cost_telehealth_intervention_for_loneliness/
NO COST TELEHEALTH INTERVENTION FOR LONELINESS,1,iuaf48,https://www.reddit.com/r/COVID/comments/iuaf48/no_cost_telehealth_intervention_for_loneliness/
NO COST TELEHEALTH INTERVENTION FOR LONELINESS,1,iua6k8,https://www.reddit.com/r/COVID/comments/iua6k8/no_cost_telehealth_intervention_for_loneliness/
NO COST TELEHEALTH INTERVENTION FOR LONELINESS,1,iu9wpw,https://www.reddit.com/r/COVID/comments/iu9wpw/no_cost_telehealth_intervention_for_loneliness/
I'd like to know more about death toll reports.,0,iu9vwo,https://www.reddit.com/r/COVID/comments/iu9vwo/id_like_to_know_more_about_death_toll_reports/
V-Revealed 2020 Update: Ep 7,0,iu9gnf,https://www.youtube.com/watch?v=vyQXhaivwt0&feature=share
AIDS vs Covid,1,iu87ua,https://www.reddit.com/r/COVID/comments/iu87ua/aids_vs_covid/
Teaching Through COVID - Day 7!,1,iu60jp,https://youtu.be/W-edJFBrSmI
We were doing everything perfectly..until I fell yesterday and had to spend 7 hrs in busy ER!,7,iu40l2,https://www.reddit.com/r/COVID/comments/iu40l2/we_were_doing_everything_perfectlyuntil_i_fell/
Trump Covering Up Covid Information Has International Implications,2,iu3pw2,https://www.reddit.com/r/COVID/comments/iu3pw2/trump_covering_up_covid_information_has/
Want to go home but school won't let me,1,iu37uj,https://www.reddit.com/r/COVID/comments/iu37uj/want_to_go_home_but_school_wont_let_me/
Why are there so many people claiming this vaccine will end humanity and all these wierd theories!? It is making me debate whether I should take it or not. Should I ignore these people or believe them. Its stressing me out,0,iu0yuu,https://www.reddit.com/r/COVID/comments/iu0yuu/why_are_there_so_many_people_claiming_this/
data,0,ityqsz,https://i.redd.it/8grcn3xrbjn51.jpg
College and COVID,1,itxwzp,https://www.reddit.com/r/COVID/comments/itxwzp/college_and_covid/
Get a free mask to protect you from COVID. Stay safe and stay healthy!,2,itxpzb,https://nextgenamerica.org/act/mask-up-fl/
SeatGeek Stadium Adds Disinfecting Doorway System for COVID Safety,1,itwxti,https://www.reddit.com/r/COVID/comments/itwxti/seatgeek_stadium_adds_disinfecting_doorway_system/
"Corona has a danger impact on the elderly, children, and those with chronic diseases, so Wash your hand often with soap and water for at least 20 seconds",4,itwhtz,https://i.redd.it/02vtzpvhrin51.jpg
"UAE: Everyone is responsible, so adherence to the precautionary measures protect society from Covid19",1,itw6xp,https://i.redd.it/o71wlrwioin51.jpg
My daughter is getting tested for COVID this morning. She has to get both a rapid test and a PCR test. Why both tests?,4,itv9zy,https://www.reddit.com/r/COVID/comments/itv9zy/my_daughter_is_getting_tested_for_covid_this/
Easy Universal Nails - Manufacturer and suppliers of Easy Universal Nails and other orthopedic and trauma implants,0,itt2uu,https://www.orthopaedic-implants.com/interlocking-nails/universal-nails/index.php
New PPE and Routine Disinfection Protocols Arise Amid COVID-19 Pandemic,2,itsexh,https://sites.google.com/view/co-defend/blog/new-ppe-and-routine-disinfection-protocols-arise-amid-covid-19-pandemic?authuser=2
Urgent!Chinese whistle blower speaks in FOX about the myth of COVID origin from leakage!,0,itrf8s,https://youtu.be/qFlqXPl_hZQ
With no stimulus i cannot miss work,2,itrahc,https://www.reddit.com/r/COVID/comments/itrahc/with_no_stimulus_i_cannot_miss_work/
Free Support Groups for Covid-19,1,itqiuw,https://www.reddit.com/r/COVID/comments/itqiuw/free_support_groups_for_covid19/
Covid-19 Treatment : Home Quarantine,2,itpq77,https://www.facthb.com/2020/09/covid-19-treatment-home-quarantine.html
Coronavirus LIVE Updates: India's COVID-19 case tally crosses 50-lakh mark,2,itoi1y,https://www.reddit.com/r/COVID/comments/itoi1y/coronavirus_live_updates_indias_covid19_case/
Dates and Workouts Adapt in ATX,9,itl9g8,https://www.reddit.com/gallery/itl9g8
Day 6 takeaways from teaching online through COVID!,1,ithmf7,https://youtu.be/rfLNq3q5Hes
Mental health impact of COVID-19 affects leadership in the workplace,8,ith8br,https://quoimedia.com/mental-health-impact-of-covid-19-affects-leadership-in-the-workplace/
People don't take it serious anymore....,2,itg8vo,https://www.reddit.com/r/COVID/comments/itg8vo/people_dont_take_it_serious_anymore/
Can I Use Sheet To Block Off Vent?,1,itf38i,https://www.reddit.com/r/COVID/comments/itf38i/can_i_use_sheet_to_block_off_vent/
Will a second wave of covid come this year?,6,itdhab,https://www.reddit.com/r/COVID/comments/itdhab/will_a_second_wave_of_covid_come_this_year/
My 11 year daughter has to get a COVID test today and she’s freaking out. Can anyone share what their child’s experience was with getting a nasal swab for COVID?,2,itcnh3,https://www.reddit.com/r/COVID/comments/itcnh3/my_11_year_daughter_has_to_get_a_covid_test_today/
School,2,itcmcl,https://www.reddit.com/r/COVID/comments/itcmcl/school/
COVID 19 Track and Trace subreddit available now,1,itb3wt,https://www.reddit.com/r/CovidTrackAndTrace?utm_medium=android_app&utm_source=share
Solidarity and Commitment is the slogan of the current stage to eradicate Corona Epidemic,2,itb0p5,https://i.redd.it/qoi6n3w7ybn51.jpg
CT scan indicates “multiple ground glass density areas in all lobes of both lungs sparing the basal segments of the left lower lobe”. Is this something to be worried of?,2,itaybf,https://www.reddit.com/r/COVID/comments/itaybf/ct_scan_indicates_multiple_ground_glass_density/
"I’m Looking for people to share their COVID-19 experiences, thoughts, and opinions with me.",3,it9mdl,https://www.reddit.com/r/COVID/comments/it9mdl/im_looking_for_people_to_share_their_covid19/
Long covid: doctors call for research and surveillance to capture disease,1,it7rs8,https://www.bmj.com/content/370/bmj.m3586
Social distancing breaking,2,it7ppz,https://www.reddit.com/r/COVID/comments/it7ppz/social_distancing_breaking/
"Do I have covid, common cold, or allergies ??",0,it7oox,https://www.reddit.com/r/COVID/comments/it7oox/do_i_have_covid_common_cold_or_allergies/
Quarterly Bulletin by Mobius foundation,1,it7ch1,https://www.mobiusfoundation.in/wp-content/uploads/2020/08/AUGUST-DIARY-2020_Final.pdf
"Israel reports daily record with nearly 5,000 new cases of coronavirus. The actual numbers are much higher, according to officials: ""If we could do more tests, we would find at least another 20,000 more patients today""",5,it70rm,https://www.ynetnews.com/article/rJfkvk04w
Craniomaxillofacial Implants - Manufacturer and suppliers of Craniomaxillofacial Implants and other orthopedic and trauma implants,1,it6kg7,https://www.orthopaedic-implants.com/craniomaxillofacial/index.php
(anti)Darwinism,0,it3p8d,https://www.reddit.com/r/COVID/comments/it3p8d/antidarwinism/
Forced back to work by parents. Is this depression or just existential dread?,1,it288g,https://www.reddit.com/r/COVID/comments/it288g/forced_back_to_work_by_parents_is_this_depression/
How AI Is Assisting Several Doctors To Fight COVID,1,it1vu3,https://osdigitalworld.com/2020/09/12/how-ai-is-assisting-several-doctors/
Covid is just about control not safety,0,it1apy,https://i.redd.it/bcnewjwjj8n51.jpg
Is it safe to go to the gym as long as I wear 2 masks and wear gloves and make sure im 6ft away from people? Need some advice would appreciate it thanks,0,it12tz,https://www.reddit.com/r/COVID/comments/it12tz/is_it_safe_to_go_to_the_gym_as_long_as_i_wear_2/
Do you believe the government should require large religious gatherings to occur outside for the time being?,4,it009m,https://www.reddit.com/r/COVID/comments/it009m/do_you_believe_the_government_should_require/
Should I get a test for COVID if I travel to Tucson AZ?,2,isx8fo,https://www.reddit.com/r/COVID/comments/isx8fo/should_i_get_a_test_for_covid_if_i_travel_to/
COVID poll,1,iswxo3,https://www.reddit.com/r/COVID/comments/iswxo3/covid_poll/
"The lasting misery of coronavirus long-haulers - Months after infection with SARS-CoV-2, some people are still battling crushing fatigue, lung damage and other symptoms of ‘long COVID’.",2,iswrx9,/r/cvnews/comments/iswrfs/the_lasting_misery_of_coronavirus_longhaulers/
Trump vs. Clinton Counties: New Deaths Per Day [OC],6,isvh17,https://i.redd.it/er7ieetlt6n51.png
Teaching through COVID Day 5!,1,ist68s,https://youtu.be/MPc5_ldDRO0
"My smartphone does not support a COVID19 contact tracing app, should I buy another one?",0,iss7d7,https://www.reddit.com/r/COVID/comments/iss7d7/my_smartphone_does_not_support_a_covid19_contact/
Will a 7582P100 Filter Protect Against Covid-19?,1,isnun7,https://www.reddit.com/r/COVID/comments/isnun7/will_a_7582p100_filter_protect_against_covid19/
Anybody experiencing recurring mask nightmares?,2,ismy9n,https://www.dreamdictionary.org/meaning/dreaming-of-mask/
Russia fixes one problem with another problem,1,ismiwq,https://i.redd.it/znu4cxego4n51.jpg
Anti-Maskers Ordered to Dig Graves for COVID-19 Victims in Indonesia,34,ism8g7,https://www.reddit.com/r/COVID/comments/ism8g7/antimaskers_ordered_to_dig_graves_for_covid19/
Hospitalized parents,2,isltgy,https://www.reddit.com/r/COVID/comments/isltgy/hospitalized_parents/
Living & Working in Primary Care During COVID-19,2,islcjq,https://www.reddit.com/r/COVID/comments/islcjq/living_working_in_primary_care_during_covid19/
Bone Drills & Saw System - Manufacturer and suppliers of Bone Drills & Saw System and other orthopedic and trauma implants,1,isjpq0,https://www.orthopaedic-implants.com/surgical-power-tools/bone-drill-saw-system/index.php
Facemask Container,1,ishdqw,http://covid-container.myshopify.com
Face Shield Manufactures to Design Special Face Shields Amid COVID-19,1,ishd5f,https://www.co-defend.com/blog/face-shield-manufactures-to-design-special-face-shields-amid-covid-19/
Is The Pandemic Creating The Next Opioid Crisis?,1,isekke,https://www.youtube.com/watch?v=hVSAVyROyQ0
"WHO reports record one-day increase in global coronavirus cases, up over 307,000",2,isdvpm,https://www.reddit.com/r/COVID/comments/isdvpm/who_reports_record_oneday_increase_in_global/
The Midwest Alabama...,3,iscdko,https://www.reddit.com/r/COVID/comments/iscdko/the_midwest_alabama/
"How come cloth masks don’t protect you from wildfire smoke, but they protect you from COVID-19?",0,isbhzo,https://www.reddit.com/r/COVID/comments/isbhzo/how_come_cloth_masks_dont_protect_you_from/
How soon after contractingcovid does someone become contagious?,1,isbhay,https://www.reddit.com/r/COVID/comments/isbhay/how_soon_after_contractingcovid_does_someone/
#NEW How Does Covid-19 Spread? And How Do You Avoid Becoming Infected?,3,isay35,https://youtu.be/VgodbHN7WS0
First pre-recorded lesson while teaching through COVID!,1,is8q3l,https://youtu.be/i6YhjcJ5vaE
If 2020 had a flag,30,is8jw5,https://i.redd.it/8ubtq1pguzm51.jpg
NO COST TELEHEALTH INTERVENTION FOR LONELINESS,3,is61e7,https://www.reddit.com/r/COVID/comments/is61e7/no_cost_telehealth_intervention_for_loneliness/
Question about masks,1,is5yj8,https://www.reddit.com/r/COVID/comments/is5yj8/question_about_masks/
Face mask with air quality sensors,2,is0ukw,https://www.reddit.com/r/COVID/comments/is0ukw/face_mask_with_air_quality_sensors/
Just wonder americans care COVID,7,irzuwm,https://www.reddit.com/r/COVID/comments/irzuwm/just_wonder_americans_care_covid/
Zero cases of Corona in Penal and Correctional Institutions In Abu Dhabi due to applying innovative preventive measures by Abu Dhabi Police.,1,irx8lo,https://i.redd.it/3e9xy9p9qwm51.jpg
